1;Brian;Campbell;28;vocalist;881
2;Randy;Palmer;13;rapper;102
3;Jason;Doyle;21;rapper;168
4;Jeffery;Salazar;45;vocalist;159
5;Michael;Shepard;20;vocalist;216
6;Anna;Berry;25;rapper;699
7;Melissa;Estrada;31;rapper;897
8;Joseph;Abbott;22;rapper;663
9;Ashley;Johnson;41;vocalist;371
10;Adrienne;Scott;45;rapper;348
11;Steven;Smith;37;vocalist;190
12;William;Edwards;30;rapper;367
13;Melissa;Gibson;22;rapper;929
14;David;Dean;15;rapper;457
15;Steven;Stevenson;44;rapper;906
16;Matthew;Adams;27;rapper;285
17;Amanda;Perez;44;vocalist;690
18;Jason;Kirby;31;vocalist;809
19;Michelle;Franco;12;rapper;472
20;Bradley;Thompson;36;vocalist;63
21;Tina;Abbott;32;rapper;161
22;Sara;Weaver;43;vocalist;228
23;Brandy;Nelson;10;vocalist;557
24;Frank;Long;20;vocalist;535
25;Cynthia;King;38;rapper;815
26;Tammy;Tucker;28;vocalist;323
27;Caroline;Roberson;45;rapper;422
28;Fred;Pena;20;vocalist;918
29;Brady;Paul;16;rapper;597
30;Kevin;Martinez;31;vocalist;85
31;Donald;Ortega;32;vocalist;159
32;William;Stanley;26;rapper;424
33;Karen;Stark;32;vocalist;825
34;James;Smith;18;rapper;183
35;Madison;Moore;20;rapper;929
36;John;Scott;14;rapper;669
37;Kenneth;Alexander;29;rapper;663
38;Mark;Terry;35;rapper;164
39;William;Williams;12;rapper;896
40;Terri;Foster;11;rapper;641
41;Amy;Adams;18;rapper;608
42;Carla;Schmidt;45;vocalist;623
43;Thomas;Cox;21;rapper;503
44;Kathleen;Gordon;23;vocalist;551
45;Nathan;Wilson;30;rapper;320
46;Michael;Ayers;47;rapper;491
47;Justin;Haney;22;rapper;471
48;Christopher;Steele;18;rapper;469
49;Jonathan;Blackburn;40;rapper;567
50;David;Ramirez;20;vocalist;865
51;Hannah;Dickson;38;rapper;115
52;Anthony;Kane;43;rapper;637
53;Zachary;White;49;vocalist;703
54;Cathy;Cooper;37;vocalist;493
55;Lisa;Jimenez;44;vocalist;593
56;Jared;Stanton;28;rapper;54
57;Kayla;Waters;14;rapper;775
58;Robert;Davidson;43;rapper;191
59;Amy;Kim;35;rapper;468
60;Francisco;Davis;45;vocalist;634
61;Caroline;Ward;19;vocalist;63
62;Crystal;Williams;34;rapper;13
63;Kelsey;Adams;12;vocalist;64
64;Jessica;Porter;42;rapper;923
65;April;Hernandez;47;vocalist;944
66;Frank;Williams;13;vocalist;339
67;Chad;George;17;vocalist;375
68;Tyler;Brown;35;vocalist;164
69;Leslie;Ward;21;rapper;518
70;Lisa;Jackson;43;rapper;29
71;Andrew;Berry;42;rapper;486
72;Meghan;Robinson;32;rapper;480
73;Debbie;Hamilton;41;rapper;548
74;Alfred;Zamora;37;vocalist;873
75;Kenneth;Valdez;46;rapper;221
76;Michael;Lynch;46;vocalist;658
77;Shawn;Russell;28;vocalist;216
78;Michelle;Shaw;21;vocalist;152
79;Jessica;Warner;20;vocalist;964
80;Courtney;Pearson;35;rapper;825
81;Thomas;Johnson;46;rapper;452
82;April;Weaver;12;vocalist;67
83;Gabriela;Vaughan;31;vocalist;640
84;Emily;Davis;34;vocalist;127
85;Bonnie;Mercer;12;vocalist;430
86;David;Edwards;20;rapper;648
87;Gene;Ray;16;rapper;214
88;Melissa;Walker;29;rapper;251
89;Brenda;Singh;32;vocalist;398
90;Amanda;Collins;42;rapper;307
91;Patrick;Mendoza;28;rapper;442
92;Julie;Ross;40;vocalist;147
93;Jessica;Singh;34;vocalist;681
94;James;Ashley;18;rapper;789
95;Kaitlin;Brown;48;rapper;975
96;Katherine;Rose;24;rapper;685
97;Lindsey;Ramirez;34;rapper;138
98;Henry;Ward;39;rapper;374
99;Kerry;Diaz;36;vocalist;712
100;Michael;Garcia;49;vocalist;712
101;Gina;Zimmerman;19;vocalist;50
102;Ashley;Boyd;44;rapper;96
103;Emily;Rogers;15;rapper;670
104;Nancy;Miller;16;vocalist;537
105;Jenny;Smith;26;rapper;410
106;Jason;Martinez;33;vocalist;755
107;Thomas;Farrell;50;rapper;275
108;Matthew;Watkins;17;vocalist;655
109;Cynthia;Smith;19;rapper;420
110;Debra;Blackburn;29;rapper;165
111;Maria;Reynolds;12;vocalist;606
112;Timothy;White;15;vocalist;28
113;Brendan;Thomas;17;rapper;421
114;Shannon;Nguyen;33;rapper;573
115;Gary;Wilson;44;vocalist;902
116;Brooke;Deleon;38;vocalist;838
117;Emily;Arias;47;rapper;26
118;Christine;Campbell;43;rapper;978
119;Kaitlyn;Johnson;36;rapper;874
120;Jonathan;Lawson;35;rapper;689
121;Phyllis;Gallagher;23;rapper;603
122;Tommy;Armstrong;14;rapper;430
123;Jackson;Coffey;16;vocalist;280
124;Nicole;Williams;12;rapper;115
125;Adam;Grimes;41;rapper;853
126;Andrea;Chapman;30;rapper;527
127;Keith;Harrington;16;vocalist;753
128;Leonard;Baldwin;15;rapper;31
129;Valerie;Daniel;38;vocalist;958
130;Michael;Rodriguez;17;vocalist;473
131;Randy;Lopez;48;vocalist;731
132;Shane;Rivera;21;rapper;826
133;Allison;Wagner;18;vocalist;750
134;Mark;Watson;36;vocalist;146
135;Brandon;Glover;10;rapper;859
136;Jennifer;Barnes;22;rapper;923
137;David;Collins;24;rapper;405
138;Tiffany;Ramirez;24;rapper;595
139;Thomas;Powell;25;rapper;148
140;Emily;Moore;41;rapper;635
141;Alexander;Hicks;25;rapper;918
142;Andrew;Charles;43;vocalist;910
143;Denise;Braun;13;rapper;905
144;Kelli;Moore;24;vocalist;601
145;Rebecca;Casey;22;vocalist;908
146;Sarah;Francis;46;vocalist;788
147;Michael;Lawson;41;vocalist;740
148;Andrea;Johnson;46;rapper;52
149;Evan;Johnson;47;vocalist;129
150;Robert;Potts;22;vocalist;831
151;Marie;Mcguire;48;rapper;645
152;Justin;Sims;29;rapper;745
153;Roberto;Hernandez;23;vocalist;740
154;Scott;Dean;17;vocalist;949
155;Derrick;Butler;25;vocalist;539
156;Kimberly;Blackwell;50;rapper;406
157;Hayley;Jones;19;vocalist;5
158;Stephanie;Duncan;17;vocalist;855
159;Roy;Rodriguez;36;vocalist;736
160;Ruth;Wood;38;rapper;287
161;Ariana;Martinez;13;rapper;590
162;Jennifer;Wells;47;vocalist;128
163;James;Pruitt;37;rapper;835
164;Daniel;Garza;10;rapper;593
165;Kathryn;Russo;50;rapper;899
166;Ashley;Velasquez;31;rapper;912
167;Michael;Myers;20;rapper;243
168;Darius;Hamilton;34;rapper;77
169;Jenny;Brown;31;rapper;278
170;Jaime;Pearson;12;vocalist;244
171;Derek;Durham;29;rapper;835
172;Andrew;Collins;20;vocalist;327
173;Kristine;Moore;44;vocalist;832
174;Cynthia;Dean;24;rapper;314
175;Veronica;Burns;20;vocalist;19
176;Kevin;Perez;17;rapper;428
177;Thomas;Elliott;10;rapper;293
178;Amanda;Brock;20;vocalist;344
179;Ryan;Erickson;30;vocalist;126
180;Jennifer;Gay;13;rapper;456
181;Crystal;Gonzalez;38;rapper;557
182;Bradley;Anderson;32;vocalist;935
183;Bonnie;Charles;13;vocalist;161
184;Jesus;Andrade;22;vocalist;996
185;David;Merritt;42;vocalist;436
186;Nathan;Payne;18;rapper;483
187;Michelle;Davis;20;vocalist;939
188;Amanda;Williams;12;rapper;840
189;Heather;Becker;29;vocalist;456
190;Chris;Rivera;43;rapper;240
191;Anita;Cook;48;vocalist;451
192;Vincent;Wolf;40;rapper;673
193;Eric;Garcia;33;vocalist;221
194;John;Garcia;34;vocalist;443
195;Andrea;Lopez;20;rapper;779
196;Bethany;Dixon;46;rapper;234
197;James;Miranda;44;vocalist;279
198;Jean;Ortega;31;vocalist;939
199;Seth;Eaton;37;vocalist;445
200;Kathleen;Potter;50;rapper;994
201;James;Fischer;11;rapper;973
202;Martha;Morris;40;rapper;513
203;Matthew;Sanchez;30;vocalist;425
204;Christina;Hall;18;vocalist;125
205;Aaron;Rodriguez;45;vocalist;791
206;Kimberly;Avila;11;rapper;371
207;William;Thompson;45;rapper;376
208;Erin;Walsh;16;vocalist;889
209;Philip;Morgan;46;vocalist;786
210;Jerome;Sparks;42;vocalist;955
211;Ashley;Mercado;42;vocalist;500
212;Meredith;Padilla;35;rapper;390
213;Manuel;Rivera;35;vocalist;105
214;Ana;Prince;48;vocalist;160
215;Frances;Houston;24;vocalist;521
216;Stephanie;Rodriguez;27;rapper;688
217;Connie;Hanson;50;vocalist;503
218;Don;Garcia;35;vocalist;314
219;Kristen;Griffin;50;vocalist;747
220;Nathaniel;Robertson;50;rapper;258
221;Karen;Henry;35;rapper;999
222;Spencer;Bailey;31;rapper;523
223;Monique;Evans;15;rapper;850
224;Shaun;Williams;38;vocalist;503
225;Gregory;Oliver;41;rapper;522
226;Karen;Lopez;32;vocalist;809
227;Brian;Flores;16;vocalist;173
228;Stephanie;Watson;40;rapper;943
229;Jeffrey;Kennedy;30;vocalist;640
230;Tammy;Benson;41;rapper;497
231;Kimberly;Salazar;50;vocalist;397
232;Jeffrey;Thomas;48;rapper;799
233;Betty;Adams;10;vocalist;819
234;Pamela;Gray;33;rapper;786
235;Aaron;Fuller;26;rapper;823
236;Jeff;Brown;15;rapper;123
237;Anna;Abbott;50;rapper;762
238;Matthew;Hernandez;15;vocalist;517
239;Laura;Stephens;38;rapper;814
240;Jeffrey;Luna;20;rapper;859
241;Karen;Shaw;40;rapper;916
242;James;Williams;20;rapper;540
243;Robert;Oconnell;34;vocalist;24
244;Kristi;Wood;36;rapper;82
245;Edward;Turner;48;vocalist;345
246;Judy;Elliott;44;vocalist;903
247;Anthony;Taylor;24;rapper;942
248;Kristina;Moreno;32;rapper;972
249;Lisa;Gay;37;rapper;785
250;Nathan;Kim;48;rapper;922
251;Amber;Martinez;37;rapper;628
252;John;Jones;25;vocalist;244
253;David;Martinez;47;rapper;279
254;Bethany;Robertson;41;vocalist;403
255;Jamie;Bradshaw;45;rapper;3
256;Colleen;Neal;10;vocalist;983
257;Joseph;Roberts;44;rapper;365
258;Rachel;Rodriguez;18;vocalist;632
259;Stephanie;Henderson;17;rapper;640
260;Patricia;Stephens;32;vocalist;385
261;Deanna;Whitehead;23;vocalist;731
262;Curtis;Gibson;31;vocalist;622
263;Cheyenne;Hodges;25;vocalist;644
264;Matthew;Hampton;23;vocalist;953
265;John;Thompson;33;vocalist;86
266;Rebecca;Baker;11;vocalist;573
267;Natasha;Steele;37;vocalist;864
268;Crystal;Schaefer;21;vocalist;685
269;Brent;Goodwin;46;rapper;115
270;Jerry;Davis;33;rapper;532
271;Gina;Patel;24;rapper;12
272;Adam;Contreras;34;rapper;526
273;Richard;Franklin;23;vocalist;331
274;Sandra;Stewart;37;rapper;523
275;Antonio;Moore;46;rapper;643
276;Briana;Roberts;47;rapper;919
277;Kimberly;Aguirre;47;vocalist;849
278;Cassie;Mcclure;12;vocalist;453
279;Dalton;Cabrera;38;vocalist;27
280;Mandy;Flores;16;rapper;625
281;Carrie;Pacheco;46;vocalist;15
282;Christopher;Murphy;50;vocalist;395
283;Anna;Young;48;rapper;622
284;Emily;Hall;42;vocalist;492
285;Michael;Reynolds;40;rapper;814
286;Samantha;Parsons;21;vocalist;675
287;Ann;Allen;50;vocalist;81
288;Michelle;Thomas;30;vocalist;794
289;Jesse;Contreras;11;vocalist;599
290;Denise;Aguilar;26;vocalist;103
291;Joseph;Obrien;18;vocalist;839
292;James;Floyd;36;vocalist;707
293;Shari;Mcdaniel;38;rapper;938
294;Raymond;George;38;rapper;595
295;Cheryl;Jones;12;rapper;876
296;Zachary;Barrera;15;rapper;432
297;Timothy;Franco;44;vocalist;987
298;Rachel;Jones;30;rapper;401
299;Jennifer;Clark;29;rapper;285
300;Ashley;Miller;22;rapper;344
301;Julie;Gonzalez;11;vocalist;770
302;Victoria;Crane;27;rapper;674
303;Danielle;Mendez;33;vocalist;985
304;Kayla;Jones;32;vocalist;853
305;Paula;Kirk;44;vocalist;850
306;John;Massey;29;rapper;831
307;Richard;Hampton;18;vocalist;682
308;Lindsey;Morris;30;rapper;535
309;Adam;Pace;49;rapper;747
310;Perry;Allison;50;rapper;881
311;Renee;Pierce;33;vocalist;649
312;Robert;Garcia;23;vocalist;622
313;Deborah;Green;49;vocalist;69
314;Nicole;White;10;rapper;525
315;Jason;Chavez;45;rapper;750
316;Elizabeth;Crane;37;rapper;118
317;Joshua;Goodman;15;vocalist;681
318;Monica;Pace;21;vocalist;506
319;Vincent;Petersen;15;vocalist;217
320;Vicki;Walters;44;rapper;25
321;Steven;Torres;45;vocalist;746
322;Charles;Martin;47;vocalist;715
323;Mary;Griffin;46;vocalist;983
324;Veronica;Horton;34;vocalist;794
325;Rebecca;Chaney;30;vocalist;778
326;Timothy;Ross;13;rapper;349
327;Jenna;Torres;11;rapper;467
328;Jasmine;Cole;32;vocalist;262
329;Mark;Martinez;41;vocalist;58
330;Nicole;Brooks;49;rapper;384
331;Kayla;Smith;36;rapper;42
332;Michael;Buchanan;35;vocalist;963
333;Ryan;Collier;48;rapper;243
334;Brittany;Jackson;17;vocalist;705
335;Tommy;Leonard;18;vocalist;574
336;Dillon;Jones;32;rapper;385
337;Rebecca;Graham;37;rapper;915
338;Karen;Garcia;48;vocalist;937
339;Tonya;Morris;36;rapper;944
340;Daniel;Reyes;16;vocalist;460
341;Theresa;Kramer;18;rapper;31
342;Monique;Medina;25;rapper;959
343;Micheal;Chang;20;rapper;374
344;Stacy;Long;44;vocalist;233
345;Caitlyn;Shaffer;44;rapper;368
346;Kyle;Hernandez;39;vocalist;78
347;Kevin;White;21;vocalist;662
348;Adam;Vaughn;31;vocalist;795
349;Barbara;Bryant;21;vocalist;931
350;Jennifer;Coleman;49;vocalist;699
351;Alejandra;Mcpherson;45;vocalist;117
352;Veronica;Hernandez;43;rapper;358
353;Eric;Wells;30;rapper;639
354;Yvonne;Lindsey;25;vocalist;952
355;Michael;Watson;10;vocalist;10
356;Evan;Garcia;45;vocalist;48
357;Jason;Gaines;22;vocalist;226
358;Latoya;Brown;27;vocalist;461
359;Renee;Adams;45;vocalist;273
360;Kathy;Hernandez;17;rapper;573
361;Evelyn;Hodge;19;rapper;502
362;Krystal;Evans;21;rapper;710
363;David;Allen;45;rapper;500
364;Robert;Willis;27;rapper;849
365;Evelyn;Gonzalez;45;vocalist;25
366;Vicki;Torres;23;rapper;124
367;Donald;Hill;28;rapper;342
368;Ashlee;Carpenter;11;rapper;776
369;Allen;Mclaughlin;27;rapper;465
370;Michael;Allen;25;rapper;515
371;Randy;Nelson;16;vocalist;365
372;Kayla;Morgan;28;rapper;728
373;Robert;Logan;28;vocalist;791
374;Briana;Gibbs;23;vocalist;677
375;Jonathan;Bates;39;rapper;86
376;Tricia;Medina;18;rapper;889
377;Jack;Michael;36;rapper;484
378;Alexandra;Brown;36;rapper;855
379;Peter;Wolfe;11;vocalist;823
380;Nancy;Rasmussen;21;rapper;15
381;Kara;Simon;22;rapper;100
382;Sean;Robertson;40;rapper;623
383;Jerry;Ross;45;vocalist;891
384;Alvin;Dillon;33;vocalist;45
385;Rebecca;Bright;28;rapper;781
386;David;Taylor;42;rapper;622
387;Crystal;Thomas;29;vocalist;926
388;Eric;Rivera;25;rapper;713
389;Jeremy;Winters;19;rapper;337
390;Samuel;Wilson;32;vocalist;373
391;David;Meadows;40;vocalist;881
392;Stefanie;Schroeder;36;vocalist;657
393;Anthony;Howard;19;vocalist;458
394;Ashley;Brown;11;vocalist;944
395;Jose;Carter;12;rapper;634
396;Charles;Peters;13;vocalist;643
397;Stephanie;Watkins;48;vocalist;206
398;James;Callahan;23;rapper;255
399;Kerry;Parker;26;vocalist;650
400;Kathleen;Neal;36;vocalist;768
401;Tara;Sanchez;40;vocalist;550
402;Bradley;Mason;13;vocalist;588
403;Michele;Grant;36;vocalist;951
404;Donald;Lewis;50;vocalist;362
405;Margaret;Taylor;16;vocalist;903
406;Allison;Fox;37;vocalist;757
407;Emily;Williams;18;vocalist;426
408;Anthony;Duncan;25;rapper;824
409;Laura;Snyder;10;rapper;658
410;Henry;Watson;35;vocalist;577
411;Deborah;Taylor;39;rapper;452
412;Kimberly;Cohen;23;rapper;244
413;David;Barnes;24;rapper;36
414;Jonathan;Rodgers;31;rapper;929
415;Ashley;Garcia;18;vocalist;876
416;Michael;Valencia;47;rapper;356
417;Lindsay;Perry;25;rapper;323
418;Robert;Waters;43;vocalist;147
419;Bruce;Deleon;29;rapper;999
420;Andrew;Calderon;32;rapper;90
421;Kristen;Brown;42;vocalist;81
422;Kelly;Willis;23;vocalist;221
423;Michelle;Hammond;11;rapper;832
424;Angela;Allen;42;vocalist;554
425;Brian;Wright;21;vocalist;172
426;Travis;Huffman;37;vocalist;224
427;Alexandra;Anderson;33;rapper;231
428;Audrey;Torres;41;rapper;88
429;Courtney;Martinez;43;vocalist;290
430;Austin;Chapman;20;vocalist;344
431;Jay;Reid;26;vocalist;840
432;Mary;Knox;49;rapper;959
433;Brittany;Ortega;14;rapper;25
434;Sherri;Davis;13;rapper;593
435;Daniel;Petersen;38;rapper;663
436;Hector;Valentine;17;rapper;493
437;Sharon;Howard;33;rapper;505
438;James;Baker;43;vocalist;990
439;Amy;Barnes;29;vocalist;34
440;Paula;Patton;33;rapper;16
441;Patricia;Saunders;14;vocalist;495
442;Melissa;Lowe;48;rapper;177
443;Alexander;White;42;rapper;637
444;Kimberly;Valenzuela;26;vocalist;380
445;Teresa;Mitchell;25;rapper;767
446;Michael;Baker;45;vocalist;878
447;Patricia;Morales;42;vocalist;985
448;Kayla;Kennedy;11;rapper;244
449;Darrell;Bryan;35;vocalist;164
450;Nathan;Stout;17;vocalist;822
451;Sean;Church;33;vocalist;576
452;Donna;Myers;11;vocalist;265
453;Mikayla;Michael;30;rapper;560
454;Marcus;Peters;20;vocalist;545
455;Brad;Wood;27;vocalist;660
456;Max;Morgan;40;rapper;549
457;Marissa;Velez;28;rapper;876
458;Andrew;Underwood;32;rapper;261
459;Nicholas;Morgan;11;vocalist;314
460;Douglas;Hicks;45;rapper;824
461;Thomas;Estrada;10;rapper;973
462;David;Vargas;34;vocalist;237
463;Danielle;Thomas;50;rapper;678
464;Sheila;Mckee;39;rapper;932
465;Tina;Stewart;24;vocalist;5
466;James;Bush;37;vocalist;5
467;John;Dawson;49;vocalist;238
468;Jessica;Singh;46;vocalist;553
469;Scott;Jones;11;vocalist;117
470;Kimberly;Hayes;22;rapper;143
471;Ryan;Salazar;44;rapper;519
472;Michael;Weiss;19;rapper;646
473;Eric;Santos;10;vocalist;55
474;Timothy;Padilla;18;vocalist;873
475;Maria;Powell;17;vocalist;930
476;Stephanie;Strong;39;rapper;816
477;Cynthia;Fisher;26;rapper;590
478;Victoria;Reilly;35;rapper;264
479;Mark;Meyer;16;rapper;987
480;Wyatt;Williamson;35;vocalist;471
481;Natalie;Wood;41;vocalist;558
482;Ashley;Schultz;33;vocalist;543
483;Aimee;Johnson;11;vocalist;770
484;Jason;Riley;16;vocalist;657
485;Tyler;Bray;41;vocalist;627
486;James;Giles;30;rapper;287
487;Anna;Reynolds;35;vocalist;510
488;Jeremiah;Lopez;25;vocalist;557
489;Lisa;Luna;27;rapper;153
490;Crystal;Porter;17;rapper;287
491;Spencer;Wilson;47;rapper;830
492;Isaac;Stephens;36;vocalist;424
493;Andrew;Wolfe;28;rapper;537
494;William;Erickson;36;rapper;48
495;Gregory;Gordon;20;rapper;712
496;Katie;Brown;38;rapper;631
497;Joseph;Gould;42;rapper;710
498;Bradley;Jones;46;vocalist;117
499;Bethany;Robinson;47;rapper;522
500;Kristin;Robbins;10;vocalist;299
501;Lauren;Lopez;16;vocalist;987
502;Sheila;Bailey;16;rapper;811
503;Tiffany;Marshall;30;vocalist;265
504;James;Hubbard;46;vocalist;168
505;Latoya;Johnson;44;vocalist;422
506;Robert;Moore;45;vocalist;41
507;Selena;Rice;26;vocalist;149
508;Mark;Hammond;33;vocalist;552
509;Bruce;Little;42;vocalist;805
510;Andrea;Hogan;25;vocalist;692
511;Dennis;Robertson;20;rapper;850
512;Rebecca;Smith;16;vocalist;357
513;Laura;Velazquez;17;vocalist;705
514;Carlos;Mccoy;15;vocalist;198
515;Sherry;Taylor;40;vocalist;33
516;Grace;Cook;48;rapper;766
517;Luke;Smith;34;rapper;804
518;Michelle;Solis;18;rapper;633
519;Nicole;Guerrero;16;vocalist;8
520;Michelle;Brown;18;rapper;421
521;Robert;Montes;31;rapper;196
522;Richard;Moore;44;rapper;480
523;Carl;Edwards;35;rapper;223
524;Mallory;Blake;34;vocalist;228
525;Charles;Stephens;22;vocalist;190
526;Melody;Green;36;vocalist;39
527;Erica;Chavez;28;vocalist;507
528;Andrew;Clark;26;rapper;447
529;James;Pierce;38;rapper;116
530;Kari;Parks;49;rapper;651
531;Matthew;Walker;27;vocalist;522
532;Jessica;Castillo;34;vocalist;247
533;William;Bush;17;rapper;523
534;Jennifer;White;50;vocalist;685
535;Reginald;Cook;23;vocalist;41
536;Daniel;Hamilton;28;rapper;226
537;Alex;Thomas;46;vocalist;815
538;William;Dunn;42;rapper;332
539;Tiffany;Swanson;14;rapper;869
540;Erin;Hall;28;rapper;96
541;Alejandro;Juarez;13;rapper;961
542;Javier;Robinson;24;vocalist;962
543;Amy;Miller;37;vocalist;198
544;Misty;Oconnor;42;vocalist;374
545;Teresa;Hart;47;rapper;375
546;Anthony;Simmons;20;rapper;762
547;Tara;Howard;32;vocalist;695
548;Mark;Sherman;13;vocalist;11
549;Brandon;Smith;41;rapper;261
550;Tiffany;Bass;18;rapper;998
551;Kathy;Jones;27;vocalist;321
552;Kevin;Palmer;24;vocalist;881
553;Brittany;Powers;39;rapper;75
554;Heidi;Wright;25;rapper;383
555;Paul;Garza;22;vocalist;459
556;Joe;Mathews;26;rapper;517
557;Charles;Perry;43;rapper;520
558;Michael;Patel;38;rapper;158
559;Brandon;Whitaker;46;rapper;436
560;Jeremy;Malone;48;rapper;68
561;Emily;Smith;17;vocalist;205
562;Krystal;Smith;41;rapper;607
563;Rachel;Thomas;45;rapper;705
564;Roberta;Baker;50;rapper;683
565;Olivia;Hernandez;42;vocalist;343
566;Megan;Henson;22;rapper;822
567;John;Hensley;26;vocalist;301
568;Eric;Ramos;23;vocalist;222
569;Eric;Young;47;vocalist;31
570;Michele;Norris;49;rapper;350
571;Lisa;Nelson;10;vocalist;727
572;Peggy;Smith;12;vocalist;643
573;Deborah;Jacobs;42;rapper;902
574;Amanda;Harris;37;vocalist;717
575;Christopher;Jackson;22;rapper;568
576;Steven;Mcknight;46;vocalist;223
577;Danielle;Bonilla;27;rapper;979
578;Kelsey;Branch;12;vocalist;252
579;Julia;Hall;17;vocalist;132
580;Jonathan;Walters;32;vocalist;497
581;Angela;Harris;22;rapper;981
582;Anna;Oconnell;50;rapper;98
583;Cindy;Farmer;45;vocalist;972
584;Robert;Lee;38;vocalist;206
585;George;Lucero;35;rapper;622
586;Cole;Leonard;49;rapper;126
587;Elizabeth;Johnson;50;rapper;25
588;Ryan;Roberts;15;rapper;584
589;Robert;Schmidt;12;rapper;579
590;Devin;Garrett;20;vocalist;183
591;Victoria;Anderson;22;rapper;938
592;Steven;Dawson;32;rapper;239
593;Steven;Vargas;19;vocalist;233
594;Karen;Decker;17;rapper;905
595;Kevin;Moore;47;vocalist;662
596;Bernard;Anderson;50;rapper;547
597;Ralph;Pollard;11;vocalist;247
598;David;Wilson;14;rapper;880
599;Larry;Romero;17;rapper;130
600;Marcus;Barnett;17;rapper;323
601;Jordan;Young;25;vocalist;735
602;Amber;Thompson;27;rapper;251
603;Jacob;Hammond;47;vocalist;183
604;Olivia;Burke;17;vocalist;770
605;John;Silva;40;rapper;92
606;Jessica;Martinez;39;rapper;656
607;Zachary;Hernandez;45;rapper;554
608;Edward;Thompson;30;vocalist;514
609;Michael;Villanueva;23;vocalist;444
610;Darren;Harris;28;rapper;431
611;Paul;Maldonado;36;vocalist;916
612;Nicholas;Rice;15;vocalist;2
613;Willie;Perry;13;vocalist;306
614;Amber;Fitzgerald;30;vocalist;3
615;Linda;Allen;48;vocalist;709
616;Charles;Hernandez;16;vocalist;797
617;Bill;Gates;48;vocalist;524
618;Jose;Frazier;47;rapper;847
619;William;Zamora;24;rapper;516
620;Jennifer;Brown;18;rapper;28
621;Sarah;Rocha;27;vocalist;62
622;Stephanie;Floyd;25;rapper;295
623;Monica;Martinez;36;rapper;674
624;Richard;Cortez;31;rapper;833
625;Nicholas;Hughes;47;rapper;512
626;Carl;Henry;41;rapper;105
627;Vincent;Brooks;41;vocalist;93
628;John;Barron;39;vocalist;580
629;Maria;Watts;49;vocalist;451
630;Michele;Howard;35;vocalist;514
631;Tina;Murray;17;rapper;407
632;David;Murphy;40;vocalist;956
633;Duane;Cooley;26;vocalist;546
634;Ryan;Johnson;33;vocalist;674
635;Stephen;Kennedy;27;vocalist;354
636;Jonathan;Johnson;43;vocalist;913
637;David;Haas;13;rapper;548
638;Timothy;Mejia;46;vocalist;598
639;Joseph;Williams;34;vocalist;744
640;Brandy;Brown;48;rapper;35
641;Curtis;Moody;49;rapper;948
642;Donna;Reilly;41;rapper;459
643;Michael;Franklin;22;vocalist;242
644;April;Thornton;40;vocalist;335
645;Kayla;Blackburn;11;vocalist;263
646;Melissa;Brown;22;rapper;35
647;Tiffany;Owens;44;rapper;267
648;Ellen;Jones;48;rapper;339
649;Dawn;Alvarado;38;rapper;720
650;Stacy;Clark;48;vocalist;968
651;Douglas;Turner;41;vocalist;313
652;Rebecca;Chavez;34;vocalist;512
653;Robert;Benson;44;vocalist;336
654;Brian;Warren;19;vocalist;487
655;Ryan;Diaz;28;rapper;516
656;Brandon;Johnson;39;rapper;969
657;Nicholas;Palmer;24;rapper;639
658;Karla;Hill;50;rapper;821
659;Brian;Lin;33;rapper;785
660;Annette;Goodman;14;vocalist;40
661;Debbie;Cross;40;rapper;651
662;Brandon;Cole;15;rapper;213
663;Traci;Hawkins;42;rapper;533
664;Roberta;Johnson;24;rapper;964
665;Nichole;Booth;22;vocalist;585
666;Reginald;Armstrong;29;vocalist;358
667;William;Hodge;27;rapper;667
668;Laura;Armstrong;35;rapper;463
669;Martha;Holden;26;vocalist;790
670;Kathryn;Gibson;37;rapper;269
671;James;Davis;24;vocalist;255
672;Carla;Ponce;21;vocalist;764
673;Isaiah;Beasley;18;rapper;944
674;John;Edwards;22;rapper;82
675;Virginia;Patterson;37;rapper;370
676;Sarah;Robertson;38;rapper;461
677;Matthew;Gill;31;vocalist;964
678;John;Hansen;16;vocalist;903
679;Alexander;Hunter;47;rapper;422
680;Robert;Watts;25;vocalist;743
681;Jessica;Hudson;15;vocalist;46
682;Jeffery;Morgan;45;vocalist;935
683;Bradley;Wood;41;rapper;895
684;Kevin;Benton;14;vocalist;147
685;Rachel;Bowers;27;rapper;931
686;Sarah;Miller;16;rapper;730
687;James;Ortiz;36;vocalist;913
688;Jennifer;Carter;40;rapper;737
689;Colleen;Johnson;36;rapper;134
690;Haley;Bennett;17;vocalist;209
691;Anna;Santiago;27;vocalist;630
692;Elizabeth;Miller;12;rapper;284
693;Margaret;Craig;10;rapper;197
694;Erica;Walters;41;rapper;417
695;Julian;Joseph;46;rapper;311
696;Jean;Krueger;11;rapper;467
697;Jessica;Shelton;29;vocalist;44
698;Karen;Mendoza;33;rapper;989
699;Molly;Holmes;40;vocalist;630
700;Alexa;Wolfe;12;rapper;228
701;Teresa;Anthony;47;vocalist;293
702;Emily;Campbell;47;vocalist;188
703;Brian;Carter;41;vocalist;106
704;April;Robinson;14;rapper;429
705;Gregory;Weber;17;vocalist;203
706;Candice;Poole;46;vocalist;520
707;Brenda;Graves;31;rapper;516
708;Phillip;Branch;18;vocalist;501
709;Samantha;Jones;18;rapper;317
710;Abigail;Dean;28;vocalist;328
711;Brian;Fletcher;19;rapper;865
712;Sandra;Hansen;12;vocalist;492
713;Jacqueline;Livingston;25;rapper;798
714;Scott;Lee;36;rapper;461
715;Julian;Young;48;rapper;110
716;Terri;Park;30;rapper;345
717;Stephanie;Vargas;41;rapper;972
718;Gregory;Moore;25;rapper;613
719;William;Morrison;15;rapper;630
720;Jeffrey;Gonzales;48;rapper;916
721;Tina;Golden;35;rapper;696
722;Whitney;Hill;36;vocalist;50
723;Shannon;Dalton;47;vocalist;189
724;Tyler;Moore;15;vocalist;333
725;Misty;Chandler;24;rapper;189
726;Edgar;Flowers;36;vocalist;315
727;Allison;Camacho;10;rapper;226
728;Jennifer;Myers;31;rapper;406
729;Gregory;Newton;18;vocalist;44
730;Zachary;Cruz;33;vocalist;289
731;Donald;Sullivan;34;vocalist;120
732;Melissa;Thomas;15;rapper;577
733;Barbara;West;12;rapper;886
734;April;Campos;24;rapper;336
735;Tamara;Hampton;36;rapper;450
736;Erin;Hendrix;45;rapper;58
737;Tami;Cook;26;vocalist;938
738;Nathaniel;Herrera;16;rapper;14
739;Brian;Rivera;17;rapper;139
740;Margaret;White;35;rapper;537
741;James;Rodriguez;22;vocalist;36
742;Aaron;Anderson;17;vocalist;340
743;James;Rodriguez;40;rapper;64
744;Michael;Noble;29;rapper;787
745;Brenda;Dixon;35;rapper;84
746;Ashley;Allen;20;rapper;346
747;Brooke;Willis;34;rapper;717
748;Kristopher;Bridges;34;vocalist;852
749;Michael;Davila;26;vocalist;187
750;Joseph;Castro;43;vocalist;537
751;Charles;Allen;33;vocalist;156
752;Sarah;Hinton;40;rapper;528
753;Louis;Warner;47;rapper;921
754;Christina;Mcpherson;32;vocalist;454
755;Melanie;Cunningham;31;rapper;326
756;Casey;Diaz;10;vocalist;969
757;Jennifer;Shaw;13;vocalist;16
758;Marilyn;Greer;36;vocalist;448
759;Jessica;Stewart;37;vocalist;304
760;James;Phillips;15;vocalist;265
761;Susan;Soto;17;rapper;46
762;Kevin;Jones;21;rapper;878
763;David;Thomas;28;rapper;665
764;Kelly;Lawson;32;vocalist;220
765;Kristin;Blair;33;vocalist;994
766;Tiffany;Daniels;43;rapper;913
767;Justin;Craig;19;rapper;541
768;Eric;King;21;vocalist;791
769;Laura;Hernandez;48;rapper;981
770;Becky;Mcgee;40;rapper;371
771;Ann;Hood;28;rapper;853
772;Brooke;Roberts;23;vocalist;196
773;Haley;Campbell;37;rapper;84
774;Cynthia;Rodriguez;30;rapper;750
775;Steve;Mcclain;45;vocalist;238
776;John;Fuller;27;rapper;817
777;Jeremy;Faulkner;34;rapper;787
778;Julie;Washington;36;rapper;828
779;Spencer;Grimes;18;rapper;532
780;Carl;Austin;48;rapper;305
781;Mary;Reed;12;rapper;927
782;Gary;Lee;26;vocalist;552
783;Dennis;Herring;32;rapper;705
784;Todd;Walker;28;vocalist;708
785;James;Murphy;20;vocalist;35
786;Phillip;Arellano;32;vocalist;51
787;Heather;Fox;10;rapper;529
788;James;Thompson;41;rapper;24
789;Johnathan;Holloway;28;vocalist;856
790;Derrick;Brown;28;vocalist;587
791;Susan;Horn;19;rapper;670
792;Timothy;Farrell;36;vocalist;589
793;Eric;Le;27;rapper;839
794;April;Richards;34;rapper;762
795;Brian;Chen;29;vocalist;888
796;Colleen;Thomas;16;vocalist;133
797;Bobby;Wolfe;21;rapper;432
798;Eric;Rodriguez;42;rapper;372
799;Adam;Gross;26;vocalist;170
800;Robert;Wallace;49;rapper;145
801;Jackson;Vasquez;36;vocalist;611
802;Matthew;Evans;27;vocalist;509
803;Sarah;Williams;16;rapper;253
804;John;Gonzalez;13;vocalist;276
805;Julia;Villanueva;26;vocalist;70
806;Joseph;Turner;18;vocalist;715
807;Kevin;Sharp;14;rapper;836
808;Aaron;Ball;12;vocalist;562
809;Beth;Prince;28;rapper;319
810;Angela;Townsend;26;vocalist;706
811;Stephanie;Murphy;39;rapper;619
812;Richard;Thompson;30;vocalist;863
813;Brenda;Cruz;15;vocalist;198
814;Keith;Edwards;17;vocalist;70
815;Kayla;Gregory;24;vocalist;484
816;Nicholas;Smith;33;rapper;195
817;Grant;Burns;38;vocalist;174
818;Andrew;Snow;20;rapper;332
819;Earl;Barrera;16;vocalist;268
820;Kristin;Hamilton;38;vocalist;736
821;Matthew;Rasmussen;39;vocalist;723
822;Robert;Nelson;28;vocalist;150
823;Amy;Reed;37;vocalist;815
824;Christopher;Jones;10;rapper;283
825;Leslie;Mcintyre;28;rapper;195
826;Ryan;Washington;46;rapper;239
827;Marie;Lopez;25;vocalist;715
828;Michael;Williams;22;vocalist;597
829;Donna;Thompson;19;rapper;634
830;William;Hunt;23;rapper;284
831;Jillian;Torres;40;rapper;805
832;Melissa;Lee;20;vocalist;290
833;Grace;Smith;30;rapper;327
834;Madison;Perez;23;rapper;683
835;Joshua;Shields;32;vocalist;448
836;William;Jones;16;vocalist;471
837;Cheryl;Best;10;vocalist;684
838;Alison;Lang;32;rapper;276
839;Bradley;Mccarthy;14;rapper;481
840;James;James;27;rapper;482
841;Angela;Kelly;37;vocalist;590
842;Nicole;Noble;49;rapper;249
843;Adam;Shaw;19;vocalist;795
844;Bradley;Welch;24;rapper;702
845;Timothy;Diaz;46;vocalist;941
846;Brittany;Miller;16;rapper;730
847;Megan;Green;10;vocalist;93
848;Rachel;Greer;16;rapper;614
849;Jonathan;Turner;27;rapper;765
850;James;Watson;33;vocalist;29
851;Kenneth;Roberts;16;vocalist;776
852;Donald;Ray;17;rapper;522
853;Ian;Woodard;40;rapper;318
854;Michaela;Rodgers;23;rapper;11
855;Michele;Kaufman;25;rapper;271
856;Morgan;Mosley;45;vocalist;231
857;Dustin;Alexander;37;rapper;611
858;Shelley;Decker;14;vocalist;785
859;Thomas;White;21;rapper;179
860;Claudia;Rodriguez;27;vocalist;482
861;Edward;Hobbs;47;vocalist;117
862;Sarah;Arnold;46;vocalist;685
863;Janet;Arnold;36;vocalist;925
864;Willie;Bowen;38;rapper;921
865;Heather;Christian;23;rapper;752
866;Sarah;Berg;26;rapper;356
867;Michelle;Lin;38;vocalist;646
868;Allison;Gonzalez;45;rapper;555
869;Laurie;Brown;38;rapper;819
870;Scott;Wagner;18;rapper;899
871;Tina;Berg;34;rapper;73
872;Beth;Gonzalez;22;vocalist;193
873;Savannah;Oconnell;35;vocalist;144
874;Cassandra;Thompson;19;vocalist;374
875;Erin;Hunt;11;vocalist;601
876;Paul;Hudson;32;vocalist;106
877;Heidi;Miller;10;rapper;250
878;Rhonda;Gonzalez;20;rapper;152
879;Matthew;Mcconnell;10;rapper;173
880;Amy;Ferguson;31;rapper;61
881;Eric;Hansen;31;rapper;800
882;Barbara;Thomas;20;rapper;46
883;Laura;Campbell;11;vocalist;551
884;Ashley;Johnson;49;vocalist;472
885;John;Guerrero;13;vocalist;546
886;Laura;Warren;47;rapper;672
887;Benjamin;Collins;20;vocalist;482
888;Nancy;Lara;49;rapper;273
889;Kimberly;Hall;29;rapper;757
890;Justin;Miller;21;rapper;204
891;William;Elliott;17;rapper;38
892;Sarah;Nguyen;22;rapper;504
893;David;Duncan;43;rapper;254
894;Nicole;Arias;17;rapper;715
895;Keith;Stewart;28;vocalist;885
896;Michelle;Jennings;10;vocalist;735
897;Bradley;Robinson;26;vocalist;614
898;Stephanie;Miller;47;vocalist;852
899;Christopher;Barber;40;vocalist;649
900;John;Peterson;36;rapper;115
901;Katherine;Perez;31;vocalist;957
902;Melissa;Hogan;40;vocalist;823
903;Lori;Mahoney;30;vocalist;169
904;Heather;Lutz;33;vocalist;644
905;Claire;Bolton;11;vocalist;920
906;Kenneth;May;15;rapper;54
907;Michael;Clark;39;rapper;474
908;Jeffrey;Chang;22;vocalist;68
909;Robin;Ruiz;48;rapper;122
910;Dawn;May;16;vocalist;841
911;Mary;King;26;vocalist;44
912;Martha;Gray;43;rapper;417
913;Mark;Meadows;36;vocalist;692
914;Tiffany;Davis;20;rapper;355
915;Scott;Moore;48;rapper;678
916;Caleb;Smith;15;rapper;419
917;Katherine;Tran;34;vocalist;475
918;David;King;22;rapper;450
919;Krista;Delgado;36;rapper;924
920;Krystal;Wallace;45;vocalist;716
921;Corey;Clark;48;rapper;243
922;Morgan;Parker;24;vocalist;143
923;Daniel;Rodriguez;20;rapper;235
924;Christopher;Hunt;18;vocalist;833
925;Michelle;Pierce;22;vocalist;351
926;Ricky;Ford;28;vocalist;797
927;Megan;Vasquez;37;rapper;880
928;Melissa;Martinez;33;rapper;56
929;David;Parker;30;vocalist;951
930;Emily;Pace;25;rapper;413
931;Heather;Huff;32;vocalist;341
932;Tara;Duffy;24;vocalist;2
933;Elizabeth;Diaz;39;rapper;650
934;Melanie;Barry;41;rapper;857
935;Patricia;Harris;37;rapper;473
936;Jennifer;Webster;32;vocalist;267
937;Monica;Montoya;34;rapper;499
938;Jamie;James;45;vocalist;704
939;Christopher;Nelson;29;rapper;11
940;Nicole;Hudson;30;rapper;171
941;Timothy;Crawford;45;vocalist;793
942;Andrea;White;47;vocalist;123
943;Nathan;Rodriguez;46;rapper;341
944;Lisa;Turner;44;rapper;286
945;Sarah;Murray;42;rapper;567
946;Kathy;Perkins;32;vocalist;429
947;Sarah;Peterson;19;rapper;818
948;Matthew;Olsen;12;vocalist;968
949;Regina;Robbins;12;vocalist;407
950;James;Li;30;vocalist;851
951;Annette;Randall;50;vocalist;183
952;Jill;Benson;36;rapper;81
953;Nathan;Barrett;11;vocalist;874
954;Heidi;Huang;32;rapper;522
955;Michelle;Durham;34;vocalist;778
956;Mark;Nixon;10;rapper;710
957;George;Cox;23;rapper;797
958;Christopher;Miller;29;rapper;797
959;Joseph;Henry;12;rapper;172
960;Mark;Evans;10;rapper;393
961;Angela;Wagner;31;rapper;430
962;Heather;Orr;21;vocalist;113
963;Amber;Burgess;37;vocalist;163
964;Joseph;Ramos;14;rapper;64
965;Joseph;Herrera;20;rapper;302
966;Lindsey;Rodriguez;35;vocalist;635
967;Corey;Jimenez;11;rapper;428
968;Samantha;Roman;48;rapper;800
969;Melissa;James;36;rapper;780
970;Heather;Murray;31;rapper;614
971;Kristen;Day;37;vocalist;234
972;William;Miller;22;vocalist;58
973;Stephanie;Cunningham;41;vocalist;664
974;David;Carrillo;41;rapper;900
975;Robert;Young;32;vocalist;670
976;Heather;Savage;43;vocalist;159
977;James;Mcgrath;26;rapper;681
978;Laura;Warner;44;rapper;912
979;Leslie;Sheppard;37;vocalist;171
980;Matthew;Buck;18;vocalist;860
981;James;Padilla;41;vocalist;750
982;Jessica;Burke;34;vocalist;436
983;Robin;Smith;43;vocalist;613
984;Maria;Strong;28;rapper;94
985;Anthony;Fowler;31;rapper;425
986;Kimberly;Young;12;rapper;408
987;Matthew;Martinez;34;rapper;747
988;Sara;Carr;23;vocalist;496
989;Brian;Cervantes;33;vocalist;129
990;Lisa;Castaneda;30;vocalist;43
991;Catherine;Berg;43;rapper;57
992;Bailey;Fitzgerald;21;vocalist;616
993;Robert;Robinson;45;vocalist;944
994;Brittany;Sullivan;31;vocalist;291
995;Nicole;Evans;18;rapper;613
996;James;Maxwell;15;vocalist;575
997;Victoria;Spencer;31;vocalist;318
998;Cassandra;Miranda;36;vocalist;620
999;Anne;Williams;18;vocalist;869
1000;David;Martin;28;rapper;11
